Font	Codepoints	Glyphs	GSUB_Lookup_Count
fonts/eLabFTWNotoA-Bold.ttf	43751	65480	158
fonts/eLabFTWNotoA-Regular.ttf	43751	65480	158
fonts/eLabFTWNotoAncient.ttf	19339	34793	1616
fonts/eLabFTWNotoB-Bold.ttf	13425	15116	52
fonts/eLabFTWNotoB-Regular.ttf	13425	15116	52
fonts/eLabFTWNotoBoldItalic.ttf	2964	3897	48
fonts/eLabFTWNotoItalic.ttf	2964	3897	48
fonts/eLabFTWNotoMono.ttf	3490	3920	38
fonts/eLabFTWNotoMonoBold.ttf	3490	3920	38
cache/NotoEmoji-Bold.ttf	1489	1887	6
cache/NotoEmoji-Regular.ttf	1489	1887	6
cache/NotoEmoji1000em-Bold.ttf	1494	1887	6
cache/NotoEmoji1000em-Regular.ttf	1494	1887	6
cache/NotoSans-Bold.ttf	2965	3884	48
cache/NotoSans-BoldItalic.ttf	2964	3897	48
cache/NotoSans-Italic.ttf	2964	3897	48
cache/NotoSans-Regular.ttf	2965	3884	48
cache/NotoSansAnatolianHieroglyphs-Regular.ttf	588	589	0
cache/NotoSansArabic-Regular.ttf	1251	1399	40
cache/NotoSansArabic-SemiBold.ttf	1251	1399	40
cache/NotoSansArabicSubset-Regular.ttf	536	582	33
cache/NotoSansArabicSubset-SemiBold.ttf	536	582	33
cache/NotoSansArmenian-Bold.ttf	105	108	1
cache/NotoSansArmenian-Regular.ttf	105	108	1
cache/NotoSansAvestan-Regular.ttf	71	76	1
cache/NotoSansBamum-Regular.ttf	662	663	0
cache/NotoSansBhaiksuki-Regular.ttf	103	863	38
cache/NotoSansBrahmi-Regular.ttf	123	271	9
cache/NotoSansCJKjp-Bold.otf	44810	65535	56
cache/NotoSansCJKjp-Regular.otf	44810	65535	56
cache/NotoSansCJKjpSubset-Bold.otf	1014	1382	13
cache/NotoSansCJKjpSubset-Bold.ttf	1014	1382	13
cache/NotoSansCJKjpSubset-Regular.otf	1014	1382	13
cache/NotoSansCJKjpSubset-Regular.ttf	1014	1382	13
cache/NotoSansCJKkr-Bold.otf	44810	65535	52
cache/NotoSansCJKkr-Regular.otf	44810	65535	52
cache/NotoSansCJKkrFull-Bold.otf	11623	13480	28
cache/NotoSansCJKkrFull-Bold.ttf	11623	13480	28
cache/NotoSansCJKkrFull-Regular.otf	11623	13480	28
cache/NotoSansCJKkrFull-Regular.ttf	11623	13480	28
cache/NotoSansCJKsc-Bold.otf	44810	65535	52
cache/NotoSansCJKsc-Regular.otf	44810	65535	52
cache/NotoSansCJKscPartBSubset-Bold.otf	10460	11232	4
cache/NotoSansCJKscPartBSubset-Bold.ttf	10460	11232	4
cache/NotoSansCJKscPartBSubset-Regular.otf	10460	11232	4
cache/NotoSansCJKscPartBSubset-Regular.ttf	10460	11232	4
cache/NotoSansCJKscSubset-Bold.otf	20559	37324	11
cache/NotoSansCJKscSubset-Bold.ttf	20559	37324	11
cache/NotoSansCJKscSubset-Regular.otf	20559	37324	11
cache/NotoSansCJKscSubset-Regular.ttf	20559	37324	11
cache/NotoSansCanadianAboriginal-Regular.ttf	731	748	1
cache/NotoSansCarian-Regular.ttf	53	54	0
cache/NotoSansCaucasianAlbanian-Regular.ttf	67	172	3
cache/NotoSansChorasmian-Regular.ttf	32	125	32
cache/NotoSansCoptic-Regular.ttf	204	242	14
cache/NotoSansCopticSubset-Regular.ttf	14	15	0
cache/NotoSansCuneiform-Regular.ttf	1238	1239	0
cache/NotoSansCypriot-Regular.ttf	59	60	0
cache/NotoSansCyproMinoan-Regular.ttf	104	105	0
cache/NotoSansDuployan-Regular.ttf	228	10240	401
cache/NotoSansDuployanSubset-Regular.ttf	214	8072	33
cache/NotoSansEgyptianHieroglyphs-Regular.ttf	1085	1086	0
cache/NotoSansElbasan-Regular.ttf	75	80	5
cache/NotoSansElymaic-Regular.ttf	25	46	7
cache/NotoSansGeorgian-Bold.ttf	182	225	3
cache/NotoSansGeorgian-Regular.ttf	182	225	3
cache/NotoSansGlagolitic-Regular.ttf	148	149	0
cache/NotoSansGothic-Regular.ttf	36	41	7
cache/NotoSansGrantha-Regular.ttf	121	479	115
cache/NotoSansHatran-Regular.ttf	31	32	0
cache/NotoSansHebrew-Bold.ttf	147	151	2
cache/NotoSansHebrew-Regular.ttf	147	151	2
cache/NotoSansImperialAramaic-Regular.ttf	35	36	1
cache/NotoSansIndicSiyaqNumbers-Regular.ttf	93	95	1
cache/NotoSansInscriptionalPahlavi-Regular.ttf	31	35	3
cache/NotoSansInscriptionalParthian-Regular.ttf	34	46	4
cache/NotoSansKaithi-Regular.ttf	98	327	122
cache/NotoSansKawi-Regular.ttf	90	158	40
cache/NotoSansKharoshthi-Regular.ttf	78	155	20
cache/NotoSansKhudawadi-Regular.ttf	90	110	8
cache/NotoSansLinearA-Regular.ttf	345	346	0
cache/NotoSansLinearB-Regular.ttf	272	273	0
cache/NotoSansLycian-Regular.ttf	33	34	0
cache/NotoSansLydian-Regular.ttf	32	33	0
cache/NotoSansMahajani-Regular.ttf	68	69	0
cache/NotoSansManichaean-Regular.ttf	60	154	7
cache/NotoSansMarchen-Regular.ttf	73	748	14
cache/NotoSansMath-Regular.ttf	2919	5014	9
cache/NotoSansMathSubset-Regular.ttf	2919	2934	5
cache/NotoSansMayanNumerals-Regular.ttf	24	25	0
cache/NotoSansMeroitic-Regular.ttf	129	133	4
cache/NotoSansModi-Regular.ttf	96	209	62
cache/NotoSansMono-Bold.ttf	3490	3920	38
cache/NotoSansMono-Regular.ttf	3490	3920	38
cache/NotoSansMultani-Regular.ttf	52	53	0
cache/NotoSansNabataean-Regular.ttf	44	45	0
cache/NotoSansNagMundari-Regular.ttf	63	66	0
cache/NotoSansNandinagari-Regular.ttf	92	676	125
cache/NotoSansNandinagariSubset-Regular.ttf	92	676	125
cache/NotoSansNushu-Regular.ttf	401	402	0
cache/NotoSansNushuSubset-Regular.ttf	401	402	0
cache/NotoSansOgham-Regular.ttf	33	34	0
cache/NotoSansOldHungarian-Regular.ttf	113	360	3
cache/NotoSansOldItalic-Regular.ttf	43	65	1
cache/NotoSansOldNorthArabian-Regular.ttf	36	37	0
cache/NotoSansOldPermic-Regular.ttf	55	56	0
cache/NotoSansOldPersian-Regular.ttf	54	55	0
cache/NotoSansOldSogdian-Regular.ttf	45	61	8
cache/NotoSansOldSouthArabian-Regular.ttf	36	37	0
cache/NotoSansOldTurkic-Regular.ttf	78	80	1
cache/NotoSansPalmyrene-Regular.ttf	36	57	1
cache/NotoSansPhagsPa-Regular.ttf	94	385	13
cache/NotoSansPhoenician-Regular.ttf	33	34	0
cache/NotoSansPsalterPahlavi-Regular.ttf	37	98	11
cache/NotoSansRunic-Regular.ttf	95	96	0
cache/NotoSansSharada-Regular.ttf	110	240	12
cache/NotoSansShavian-Regular.ttf	52	53	0
cache/NotoSansSiddham-Regular.ttf	99	507	139
cache/NotoSansSogdian-Regular.ttf	49	345	189
cache/NotoSansSoraSompeng-Regular.ttf	41	42	0
cache/NotoSansSoyombo-Regular.ttf	88	323	287
cache/NotoSansSylotiNagri-Regular.ttf	68	87	1
cache/NotoSansSymbols-Bold.ttf	840	846	0
cache/NotoSansSymbols-Regular.ttf	840	846	0
cache/NotoSansSymbols2-Regular.ttf	2641	2660	4
cache/NotoSansTakri-Regular.ttf	87	97	12
cache/NotoSansThai-Bold.ttf	101	140	16
cache/NotoSansThai-Regular.ttf	101	140	16
cache/NotoSansThaiSubset-Bold.ttf	1	2	0
cache/NotoSansThaiSubset-Regular.ttf	1	2	0
cache/NotoSansTirhuta-Regular.ttf	108	262	46
cache/NotoSansUgaritic-Regular.ttf	35	36	0
cache/NotoSansVithkuqi-Regular.ttf	101	103	0
cache/NotoSansZanabazarSquare-Regular.ttf	77	154	23
cache/NotoSerifAhom-Regular.ttf	70	83	9
cache/NotoSerifDivesAkuru-Regular.ttf	75	168	35
cache/NotoSerifDogra-Regular.ttf	69	143	34
cache/NotoSerifDograSubset-Regular.ttf	69	143	34
cache/NotoSerifKhojki-Regular.ttf	144	397	41
cache/NotoSerifMakasar-Regular.ttf	28	31	2
cache/NotoSerifOttomanSiyaq-Regular.ttf	61	63	1
cache/NotoSerifTangut-Regular.ttf	7139	7142	2
cache/NotoSerifTangutSubset-Regular.ttf	7139	7142	2
